{
    "packages": [
        {
            "name": "ezyang/htmlpurifier",
            "version": "v4.16.0",
            "version_normalized": "4.16.0.0",
            "source": {
                "type": "git",
                "url": "https://github.com/ezyang/htmlpurifier.git",
                "reference": "523407fb06eb9e5f3d59889b3978d5bfe94299c8"
            },
            "dist": {
                "type": "zip",
                "url": "https://api.github.com/repos/ezyang/htmlpurifier/zipball/523407fb06eb9e5f3d59889b3978d5bfe94299c8",
                "reference": "523407fb06eb9e5f3d59889b3978d5bfe94299c8",
                "shasum": ""
            },
            "require": {
                "php": "~5.6.0 || ~7.0.0 || ~7.1.0 || ~7.2.0 || ~7.3.0 || ~7.4.0 || ~8.0.0 || ~8.1.0 || ~8.2.0"
            },
            "require-dev": {
                "cerdic/css-tidy": "^1.7 || ^2.0",
                "simpletest/simpletest": "dev-master"
            },
            "suggest": {
                "cerdic/css-tidy": "If you want to use the filter 'Filter.ExtractStyleBlocks'.",
                "ext-bcmath": "Used for unit conversion and imagecrash protection",
                "ext-iconv": "Converts text to and from non-UTF-8 encodings",
                "ext-tidy": "Used for pretty-printing HTML"
            },
            "time": "2022-09-18T07:06:19+00:00",
            "type": "library",
            "installation-source": "dist",
            "autoload": {
                "files": [
                    "library/HTMLPurifier.composer.php"
                ],
                "psr-0": {
                    "HTMLPurifier": "library/"
                },
                "exclude-from-classmap": [
                    "/library/HTMLPurifier/Language/"
                ]
            },
            "notification-url": "https://packagist.org/downloads/",
            "license": [
                "LGPL-2.1-or-later"
            ],
            "authors": [
                {
                    "name": "Edward Z. Yang",
                    "email": "admin@htmlpurifier.org",
                    "homepage": "http://ezyang.com"
                }
            ],
            "description": "Standards compliant HTML filter written in PHP",
            "homepage": "http://htmlpurifier.org/",
            "keywords": [
                "html"
            ],
            "support": {
                "issues": "https://github.com/ezyang/htmlpurifier/issues",
                "source": "https://github.com/ezyang/htmlpurifier/tree/v4.16.0"
            },
            "install-path": "../ezyang/htmlpurifier"
        },
        {
            "name": "maennchen/zipstream-php",
            "version": "2.2.6",
            "version_normalized": "2.2.6.0",
            "source": {
                "type": "git",
                "url": "https://github.com/maennchen/ZipStream-PHP.git",
                "reference": "30ad6f93cf3efe4192bc7a4c9cad11ff8f4f237f"
            },
            "dist": {
                "type": "zip",
                "url": "https://api.github.com/repos/maennchen/ZipStream-PHP/zipball/30ad6f93cf3efe4192bc7a4c9cad11ff8f4f237f",
                "reference": "30ad6f93cf3efe4192bc7a4c9cad11ff8f4f237f",
                "shasum": ""
            },
            "require": {
                "myclabs/php-enum": "^1.5",
                "php": "^7.4 || ^8.0",
                "psr/http-message": "^1.0",
                "symfony/polyfill-mbstring": "^1.0"
            },
            "require-dev": {
                "ext-zip": "*",
                "friendsofphp/php-cs-fixer": "^3.9",
                "guzzlehttp/guzzle": "^6.5.3 || ^7.2.0",
                "mikey179/vfsstream": "^1.6",
                "php-coveralls/php-coveralls": "^2.4",
                "phpunit/phpunit": "^8.5.8 || ^9.4.2",
                "vimeo/psalm": "^4.1"
            },
            "time": "2022-11-25T18:57:19+00:00",
            "type": "library",
            "installation-source": "dist",
            "autoload": {
                "psr-4": {
                    "ZipStream\\": "src/"
                }
            },
            "notification-url": "https://packagist.org/downloads/",
            "license": [
                "MIT"
            ],
            "authors": [
                {
                    "name": "Paul Duncan",
                    "email": "pabs@pablotron.org"
                },
                {
                    "name": "Jonatan Männchen",
                    "email": "jonatan@maennchen.ch"
                },
                {
                    "name": "Jesse Donat",
                    "email": "donatj@gmail.com"
                },
                {
                    "name": "András Kolesár",
                    "email": "kolesar@kolesar.hu"
                }
            ],
            "description": "ZipStream is a library for dynamically streaming dynamic zip files from PHP without writing to the disk at all on the server.",
            "keywords": [
                "stream",
                "zip"
            ],
            "support": {
                "issues": "https://github.com/maennchen/ZipStream-PHP/issues",
                "source": "https://github.com/maennchen/ZipStream-PHP/tree/2.2.6"
            },
            "funding": [
                {
                    "url": "https://github.com/maennchen",
                    "type": "github"
                },
                {
                    "url": "https://opencollective.com/zipstream",
                    "type": "open_collective"
                }
            ],
            "install-path": "../maennchen/zipstream-php"
        },
        {
            "name": "markbaker/complex",
            "version": "3.0.2",
            "version_normalized": "3.0.2.0",
            "source": {
                "type": "git",
                "url": "https://github.com/MarkBaker/PHPComplex.git",
                "reference": "95c56caa1cf5c766ad6d65b6344b807c1e8405b9"
            },
            "dist": {
                "type": "zip",
                "url": "https://api.github.com/repos/MarkBaker/PHPComplex/zipball/95c56caa1cf5c766ad6d65b6344b807c1e8405b9",
                "reference": "95c56caa1cf5c766ad6d65b6344b807c1e8405b9",
                "shasum": ""
            },
            "require": {
                "php": "^7.2 || ^8.0"
            },
            "require-dev": {
                "dealerdirect/phpcodesniffer-composer-installer": "dev-master",
                "phpcompatibility/php-compatibility": "^9.3",
                "phpunit/phpunit": "^7.0 || ^8.0 || ^9.0",
                "squizlabs/php_codesniffer": "^3.7"
            },
            "time": "2022-12-06T16:21:08+00:00",
            "type": "library",
            "installation-source": "dist",
            "autoload": {
                "psr-4": {
                    "Complex\\": "classes/src/"
                }
            },
            "notification-url": "https://packagist.org/downloads/",
            "license": [
                "MIT"
            ],
            "authors": [
                {
                    "name": "Mark Baker",
                    "email": "mark@lange.demon.co.uk"
                }
            ],
            "description": "PHP Class for working with complex numbers",
            "homepage": "https://github.com/MarkBaker/PHPComplex",
            "keywords": [
                "complex",
                "mathematics"
            ],
            "support": {
                "issues": "https://github.com/MarkBaker/PHPComplex/issues",
                "source": "https://github.com/MarkBaker/PHPComplex/tree/3.0.2"
            },
            "install-path": "../markbaker/complex"
        },
        {
            "name": "markbaker/matrix",
            "version": "3.0.1",
            "version_normalized": "3.0.1.0",
            "source": {
                "type": "git",
                "url": "https://github.com/MarkBaker/PHPMatrix.git",
                "reference": "728434227fe21be27ff6d86621a1b13107a2562c"
            },
            "dist": {
                "type": "zip",
                "url": "https://api.github.com/repos/MarkBaker/PHPMatrix/zipball/728434227fe21be27ff6d86621a1b13107a2562c",
                "reference": "728434227fe21be27ff6d86621a1b13107a2562c",
                "shasum": ""
            },
            "require": {
                "php": "^7.1 || ^8.0"
            },
            "require-dev": {
                "dealerdirect/phpcodesniffer-composer-installer": "dev-master",
                "phpcompatibility/php-compatibility": "^9.3",
                "phpdocumentor/phpdocumentor": "2.*",
                "phploc/phploc": "^4.0",
                "phpmd/phpmd": "2.*",
                "phpunit/phpunit": "^7.0 || ^8.0 || ^9.0",
                "sebastian/phpcpd": "^4.0",
                "squizlabs/php_codesniffer": "^3.7"
            },
            "time": "2022-12-02T22:17:43+00:00",
            "type": "library",
            "installation-source": "dist",
            "autoload": {
                "psr-4": {
                    "Matrix\\": "classes/src/"
                }
            },
            "notification-url": "https://packagist.org/downloads/",
            "license": [
                "MIT"
            ],
            "authors": [
                {
                    "name": "Mark Baker",
                    "email": "mark@demon-angel.eu"
                }
            ],
            "description": "PHP Class for working with matrices",
            "homepage": "https://github.com/MarkBaker/PHPMatrix",
            "keywords": [
                "mathematics",
                "matrix",
                "vector"
            ],
            "support": {
                "issues": "https://github.com/MarkBaker/PHPMatrix/issues",
                "source": "https://github.com/MarkBaker/PHPMatrix/tree/3.0.1"
            },
            "install-path": "../markbaker/matrix"
        },
        {
            "name": "myclabs/php-enum",
            "version": "1.8.4",
            "version_normalized": "1.8.4.0",
            "source": {
                "type": "git",
                "url": "https://github.com/myclabs/php-enum.git",
                "reference": "a867478eae49c9f59ece437ae7f9506bfaa27483"
            },
            "dist": {
                "type": "zip",
                "url": "https://api.github.com/repos/myclabs/php-enum/zipball/a867478eae49c9f59ece437ae7f9506bfaa27483",
                "reference": "a867478eae49c9f59ece437ae7f9506bfaa27483",
                "shasum": ""
            },
            "require": {
                "ext-json": "*",
                "php": "^7.3 || ^8.0"
            },
            "require-dev": {
                "phpunit/phpunit": "^9.5",
                "squizlabs/php_codesniffer": "1.*",
                "vimeo/psalm": "^4.6.2"
            },
            "time": "2022-08-04T09:53:51+00:00",
            "type": "library",
            "installation-source": "dist",
            "autoload": {
                "psr-4": {
                    "MyCLabs\\Enum\\": "src/"
                },
                "classmap": [
                    "stubs/Stringable.php"
                ]
            },
            "notification-url": "https://packagist.org/downloads/",
            "license": [
                "MIT"
            ],
            "authors": [
                {
                    "name": "PHP Enum contributors",
                    "homepage": "https://github.com/myclabs/php-enum/graphs/contributors"
                }
            ],
            "description": "PHP Enum implementation",
            "homepage": "http://github.com/myclabs/php-enum",
            "keywords": [
                "enum"
            ],
            "support": {
                "issues": "https://github.com/myclabs/php-enum/issues",
                "source": "https://github.com/myclabs/php-enum/tree/1.8.4"
            },
            "funding": [
                {
                    "url": "https://github.com/mnapoli",
                    "type": "github"
                },
                {
                    "url": "https://tidelift.com/funding/github/packagist/myclabs/php-enum",
                    "type": "tidelift"
                }
            ],
            "install-path": "../myclabs/php-enum"
        },
        {
            "name": "phpoffice/phpspreadsheet",
            "version": "1.28.0",
            "version_normalized": "1.28.0.0",
            "source": {
                "type": "git",
                "url": "https://github.com/PHPOffice/PhpSpreadsheet.git",
                "reference": "6e81cf39bbd93ebc3a4e8150444c41e8aa9b769a"
            },
            "dist": {
                "type": "zip",
                "url": "https://api.github.com/repos/PHPOffice/PhpSpreadsheet/zipball/6e81cf39bbd93ebc3a4e8150444c41e8aa9b769a",
                "reference": "6e81cf39bbd93ebc3a4e8150444c41e8aa9b769a",
                "shasum": ""
            },
            "require": {
                "ext-ctype": "*",
                "ext-dom": "*",
                "ext-fileinfo": "*",
                "ext-gd": "*",
                "ext-iconv": "*",
                "ext-libxml": "*",
                "ext-mbstring": "*",
                "ext-simplexml": "*",
                "ext-xml": "*",
                "ext-xmlreader": "*",
                "ext-xmlwriter": "*",
                "ext-zip": "*",
                "ext-zlib": "*",
                "ezyang/htmlpurifier": "^4.15",
                "maennchen/zipstream-php": "^2.1",
                "markbaker/complex": "^3.0",
                "markbaker/matrix": "^3.0",
                "php": "^7.4 || ^8.0",
                "psr/http-client": "^1.0",
                "psr/http-factory": "^1.0",
                "psr/simple-cache": "^1.0 || ^2.0 || ^3.0"
            },
            "require-dev": {
                "dealerdirect/phpcodesniffer-composer-installer": "dev-main",
                "dompdf/dompdf": "^1.0 || ^2.0",
                "friendsofphp/php-cs-fixer": "^3.2",
                "mitoteam/jpgraph": "^10.2.4",
                "mpdf/mpdf": "^8.1.1",
                "phpcompatibility/php-compatibility": "^9.3",
                "phpstan/phpstan": "^1.1",
                "phpstan/phpstan-phpunit": "^1.0",
                "phpunit/phpunit": "^8.5 || ^9.0",
                "squizlabs/php_codesniffer": "^3.7",
                "tecnickcom/tcpdf": "^6.5"
            },
            "suggest": {
                "dompdf/dompdf": "Option for rendering PDF with PDF Writer",
                "ext-intl": "PHP Internationalization Functions",
                "mitoteam/jpgraph": "Option for rendering charts, or including charts with PDF or HTML Writers",
                "mpdf/mpdf": "Option for rendering PDF with PDF Writer",
                "tecnickcom/tcpdf": "Option for rendering PDF with PDF Writer"
            },
            "time": "2023-02-25T12:24:49+00:00",
            "type": "library",
            "installation-source": "dist",
            "autoload": {
                "psr-4": {
                    "PhpOffice\\PhpSpreadsheet\\": "src/PhpSpreadsheet"
                }
            },
            "notification-url": "https://packagist.org/downloads/",
            "license": [
                "MIT"
            ],
            "authors": [
                {
                    "name": "Maarten Balliauw",
                    "homepage": "https://blog.maartenballiauw.be"
                },
                {
                    "name": "Mark Baker",
                    "homepage": "https://markbakeruk.net"
                },
                {
                    "name": "Franck Lefevre",
                    "homepage": "https://rootslabs.net"
                },
                {
                    "name": "Erik Tilt"
                },
                {
                    "name": "Adrien Crivelli"
                }
            ],
            "description": "PHPSpreadsheet - Read, Create and Write Spreadsheet documents in PHP - Spreadsheet engine",
            "homepage": "https://github.com/PHPOffice/PhpSpreadsheet",
            "keywords": [
                "OpenXML",
                "excel",
                "gnumeric",
                "ods",
                "php",
                "spreadsheet",
                "xls",
                "xlsx"
            ],
            "support": {
                "issues": "https://github.com/PHPOffice/PhpSpreadsheet/issues",
                "source": "https://github.com/PHPOffice/PhpSpreadsheet/tree/1.28.0"
            },
            "install-path": "../phpoffice/phpspreadsheet"
        },
        {
            "name": "psr/http-client",
            "version": "1.0.1",
            "version_normalized": "1.0.1.0",
            "source": {
                "type": "git",
                "url": "https://github.com/php-fig/http-client.git",
                "reference": "2dfb5f6c5eff0e91e20e913f8c5452ed95b86621"
            },
            "dist": {
                "type": "zip",
                "url": "https://api.github.com/repos/php-fig/http-client/zipball/2dfb5f6c5eff0e91e20e913f8c5452ed95b86621",
                "reference": "2dfb5f6c5eff0e91e20e913f8c5452ed95b86621",
                "shasum": ""
            },
            "require": {
                "php": "^7.0 || ^8.0",
                "psr/http-message": "^1.0"
            },
            "time": "2020-06-29T06:28:15+00:00",
            "type": "library",
            "extra": {
                "branch-alias": {
                    "dev-master": "1.0.x-dev"
                }
            },
            "installation-source": "dist",
            "autoload": {
                "psr-4": {
                    "Psr\\Http\\Client\\": "src/"
                }
            },
            "notification-url": "https://packagist.org/downloads/",
            "license": [
                "MIT"
            ],
            "authors": [
                {
                    "name": "PHP-FIG",
                    "homepage": "http://www.php-fig.org/"
                }
            ],
            "description": "Common interface for HTTP clients",
            "homepage": "https://github.com/php-fig/http-client",
            "keywords": [
                "http",
                "http-client",
                "psr",
                "psr-18"
            ],
            "support": {
                "source": "https://github.com/php-fig/http-client/tree/master"
            },
            "install-path": "../psr/http-client"
        },
        {
            "name": "psr/http-factory",
            "version": "1.0.1",
            "version_normalized": "1.0.1.0",
            "source": {
                "type": "git",
                "url": "https://github.com/php-fig/http-factory.git",
                "reference": "12ac7fcd07e5b077433f5f2bee95b3a771bf61be"
            },
            "dist": {
                "type": "zip",
                "url": "https://api.github.com/repos/php-fig/http-factory/zipball/12ac7fcd07e5b077433f5f2bee95b3a771bf61be",
                "reference": "12ac7fcd07e5b077433f5f2bee95b3a771bf61be",
                "shasum": ""
            },
            "require": {
                "php": ">=7.0.0",
                "psr/http-message": "^1.0"
            },
            "time": "2019-04-30T12:38:16+00:00",
            "type": "library",
            "extra": {
                "branch-alias": {
                    "dev-master": "1.0.x-dev"
                }
            },
            "installation-source": "dist",
            "autoload": {
                "psr-4": {
                    "Psr\\Http\\Message\\": "src/"
                }
            },
            "notification-url": "https://packagist.org/downloads/",
            "license": [
                "MIT"
            ],
            "authors": [
                {
                    "name": "PHP-FIG",
                    "homepage": "http://www.php-fig.org/"
                }
            ],
            "description": "Common interfaces for PSR-7 HTTP message factories",
            "keywords": [
                "factory",
                "http",
                "message",
                "psr",
                "psr-17",
                "psr-7",
                "request",
                "response"
            ],
            "support": {
                "source": "https://github.com/php-fig/http-factory/tree/master"
            },
            "install-path": "../psr/http-factory"
        },
        {
            "name": "psr/http-message",
            "version": "1.0.1",
            "version_normalized": "1.0.1.0",
            "source": {
                "type": "git",
                "url": "https://github.com/php-fig/http-message.git",
                "reference": "f6561bf28d520154e4b0ec72be95418abe6d9363"
            },
            "dist": {
                "type": "zip",
                "url": "https://api.github.com/repos/php-fig/http-message/zipball/f6561bf28d520154e4b0ec72be95418abe6d9363",
                "reference": "f6561bf28d520154e4b0ec72be95418abe6d9363",
                "shasum": ""
            },
            "require": {
                "php": ">=5.3.0"
            },
            "time": "2016-08-06T14:39:51+00:00",
            "type": "library",
            "extra": {
                "branch-alias": {
                    "dev-master": "1.0.x-dev"
                }
            },
            "installation-source": "dist",
            "autoload": {
                "psr-4": {
                    "Psr\\Http\\Message\\": "src/"
                }
            },
            "notification-url": "https://packagist.org/downloads/",
            "license": [
                "MIT"
            ],
            "authors": [
                {
                    "name": "PHP-FIG",
                    "homepage": "http://www.php-fig.org/"
                }
            ],
            "description": "Common interface for HTTP messages",
            "homepage": "https://github.com/php-fig/http-message",
            "keywords": [
                "http",
                "http-message",
                "psr",
                "psr-7",
                "request",
                "response"
            ],
            "support": {
                "source": "https://github.com/php-fig/http-message/tree/master"
            },
            "install-path": "../psr/http-message"
        },
        {
            "name": "psr/simple-cache",
            "version": "1.0.1",
            "version_normalized": "1.0.1.0",
            "source": {
                "type": "git",
                "url": "https://github.com/php-fig/simple-cache.git",
                "reference": "408d5eafb83c57f6365a3ca330ff23aa4a5fa39b"
            },
            "dist": {
                "type": "zip",
                "url": "https://api.github.com/repos/php-fig/simple-cache/zipball/408d5eafb83c57f6365a3ca330ff23aa4a5fa39b",
                "reference": "408d5eafb83c57f6365a3ca330ff23aa4a5fa39b",
                "shasum": ""
            },
            "require": {
                "php": ">=5.3.0"
            },
            "time": "2017-10-23T01:57:42+00:00",
            "type": "library",
            "extra": {
                "branch-alias": {
                    "dev-master": "1.0.x-dev"
                }
            },
            "installation-source": "dist",
            "autoload": {
                "psr-4": {
                    "Psr\\SimpleCache\\": "src/"
                }
            },
            "notification-url": "https://packagist.org/downloads/",
            "license": [
                "MIT"
            ],
            "authors": [
                {
                    "name": "PHP-FIG",
                    "homepage": "http://www.php-fig.org/"
                }
            ],
            "description": "Common interfaces for simple caching",
            "keywords": [
                "cache",
                "caching",
                "psr",
                "psr-16",
                "simple-cache"
            ],
            "support": {
                "source": "https://github.com/php-fig/simple-cache/tree/master"
            },
            "install-path": "../psr/simple-cache"
        },
        {
            "name": "symfony/polyfill-mbstring",
            "version": "v1.27.0",
            "version_normalized": "1.27.0.0",
            "source": {
                "type": "git",
                "url": "https://github.com/symfony/polyfill-mbstring.git",
                "reference": "8ad114f6b39e2c98a8b0e3bd907732c207c2b534"
            },
            "dist": {
                "type": "zip",
                "url": "https://api.github.com/repos/symfony/polyfill-mbstring/zipball/8ad114f6b39e2c98a8b0e3bd907732c207c2b534",
                "reference": "8ad114f6b39e2c98a8b0e3bd907732c207c2b534",
                "shasum": ""
            },
            "require": {
                "php": ">=7.1"
            },
            "provide": {
                "ext-mbstring": "*"
            },
            "suggest": {
                "ext-mbstring": "For best performance"
            },
            "time": "2022-11-03T14:55:06+00:00",
            "type": "library",
            "extra": {
                "branch-alias": {
                    "dev-main": "1.27-dev"
                },
                "thanks": {
                    "name": "symfony/polyfill",
                    "url": "https://github.com/symfony/polyfill"
                }
            },
            "installation-source": "dist",
            "autoload": {
                "files": [
                    "bootstrap.php"
                ],
                "psr-4": {
                    "Symfony\\Polyfill\\Mbstring\\": ""
                }
            },
            "notification-url": "https://packagist.org/downloads/",
            "license": [
                "MIT"
            ],
            "authors": [
                {
                    "name": "Nicolas Grekas",
                    "email": "p@tchwork.com"
                },
                {
                    "name": "Symfony Community",
                    "homepage": "https://symfony.com/contributors"
                }
            ],
            "description": "Symfony polyfill for the Mbstring extension",
            "homepage": "https://symfony.com",
            "keywords": [
                "compatibility",
                "mbstring",
                "polyfill",
                "portable",
                "shim"
            ],
            "support": {
                "source": "https://github.com/symfony/polyfill-mbstring/tree/v1.27.0"
            },
            "funding": [
                {
                    "url": "https://symfony.com/sponsor",
                    "type": "custom"
                },
                {
                    "url": "https://github.com/fabpot",
                    "type": "github"
                },
                {
                    "url": "https://tidelift.com/funding/github/packagist/symfony/symfony",
                    "type": "tidelift"
                }
            ],
            "install-path": "../symfony/polyfill-mbstring"
        }
    ],
    "dev": true,
    "dev-package-names": []
}
